No,UID,Tanggal,Waktu
1,0441565270,0,0:0:3
2,0442598758,0,0:0:15
3,0442260118,0,0:0:17
4,0442401158,0,0:0:20
5,0431205814,0,0:0:23
6,0431894182,0,0:0:25
7,0441884486,0,0:0:28
8,0441898326,0,0:0:31
9,0442301942,0,0:0:34
10,0431009062,0,0:0:36
11,0431186758,0,0:0:39
12,0442316710,0,0:0:41
13,0442459878,0,0:0:43
14,0442106486,0,0:0:46
15,0819585460,0,0:0:48
16,0431336374,0,0:0:51
17,0431117686,0,0:0:53
18,0430754966,0,0:0:56
19,0442208326,0,0:0:59
20,0442332166,0,0:1:1
21,0442024486,0,0:1:4
22,0441813446,0,0:1:6
23,0441886774,0,0:1:9
24,0442616710,0,0:1:11
25,0441515910,0,0:1:14
26,0442561286,0,0:1:16
27,0438780038,0,0:1:19
28,0439148214,0,0:1:21
29,0442591734,0,0:1:24
30,0442614838,0,0:1:26
31,0818705476,0,0:1:30
32,0431796502,0,0:0:6
33,0442035078,0,0:0:8
34,0441627398,0,0:0:9
35,0431800822,0,0:0:10
36,0431277558,0,0:0:12
37,0431666038,0,0:0:13
38,0431091302,0,0:0:14
39,0431986038,0,0:0:15
40,0431162438,0,0:0:24
41,0431324966,0,0:0:26
42,0818810692,0,0:0:27
43,0819192436,0,0:0:28
44,0431766438,0,0:0:30
45,0818688836,0,0:0:31
46,0430824422,0,0:0:33
47,0431457510,0,0:0:34
48,0819809956,0,0:0:35
49,0441702358,0,0:0:37
50,0442408278,0,0:0:38
51,0432010822,0,0:0:39
52,0430974966,0,0:0:41
53,0819655732,0,0:0:42
54,0430991702,0,0:0:43
55,0431646422,0,0:0:45
56,0431010006,0,0:0:46
57,0431916662,0,0:0:47
58,0442322758,0,0:0:54
59,0432016598,0,0:0:56
60,0430674854,0,0:0:57
61,0819392708,0,0:0:58
62,0431849686,0,0:0:59
63,0431612726,0,0:1:1
64,0442493910,0,0:1:2
65,0439431830,0,0:1:5
66,0442496054,0,0:1:7
67,0431878838,0,0:1:8
68,0431761894,0,0:1:10
69,0431915238,0,0:1:11
70,0431524742,0,0:1:13
71,0431625782,0,0:1:14
72,0431509590,0,0:1:16
73,0441728054,0,0:1:17
74,0818881220,0,0:1:18
75,0430751766,0,0:1:20
76,0431049830,0,0:1:21
77,0819366724,0,0:1:22
78,0819382676,0,0:1:24
79,0430888502,0,0:1:25
80,0431014902,0,0:1:27
81,0430876822,0,0:1:28
82,0819335092,0,0:1:29
83,0818680100,0,0:1:31
84,0818644724,0,0:1:32
85,0819305972,0,0:1:33
86,0819047028,0,0:1:35
87,0819231540,0,0:1:37
88,0818794932,0,0:1:38
89,0442130262,0,0:1:40
90,0819772308,0,0:1:41
91,0430822182,0,0:1:43
92,0431487974,0,0:1:44
93,0818869300,0,0:1:46
94,0818688580,0,0:1:47
95,0431741542,0,0:1:49
96,0430719174,0,0:1:50
97,0819944852,0,0:1:52
98,0430870614,0,0:1:53
99,0441567318,0,0:1:55
100,0819124180,0,0:1:56
101,0431133462,0,0:1:57
102,0819180036,0,0:2:0
103,0819498164,0,0:2:29
104,0431824262,0,0:2:31
105,0819601044,0,0:2:33
106,0430663430,0,0:2:34
107,0819157764,0,0:2:36
108,0439928694,0,0:2:37
109,0431196982,0,0:2:38
110,0818872340,0,0:2:40
111,0819630308,0,0:2:41
112,0819828052,0,0:2:43
113,0819576340,0,0:2:49
114,0431582998,0,0:2:51
115,0819950404,0,0:2:52
116,0431672550,0,0:2:54
117,0819350996,0,0:2:55
118,0819151028,0,0:2:57
119,0431364822,0,0:2:58
120,0819681364,0,0:2:59
121,0431617862,0,0:3:2
122,0431419718,0,0:3:3
123,0819950356,0,0:3:5
124,0442224342,0,0:3:6
125,0442056726,0,0:3:8
126,0442037510,0,0:3:9
127,0441865542,0,0:3:11
128,0442493990,0,0:3:12
129,0819536756,0,0:3:14
130,0431295542,0,0:3:15
131,0431895350,0,0:3:16
132,0439808230,0,0:3:18
133,0438840694,0,0:3:19
134,0431288102,0,0:3:21
135,0819363780,0,0:3:22
136,0439008934,0,0:3:24
137,0431821670,0,0:3:25
138,0442539350,0,0:3:27
139,0431989510,0,0:3:28
140,0431972118,0,0:3:30
141,0431858038,0,0:3:31
142,0431947094,0,0:3:33
143,0819159556,0,0:3:34
144,0431100278,0,0:3:36
145,0818841700,0,0:3:37
146,0819327300,0,0:3:39
147,0431428118,0,0:3:40
148,0819251524,0,0:3:42
149,0819226500,0,0:3:43
150,0819699796,0,0:3:45
151,0818632740,0,0:3:46
152,0819688484,0,0:3:48
153,0818728164,0,0:3:49
154,0818678148,0,0:3:51
155,0432001974,0,0:3:52
156,0431195430,0,0:3:53
157,0818906724,0,0:3:55
158,0819273828,0,0:3:57
159,0431785302,0,0:3:59
160,0819421556,0,0:4:0
161,0819618548,0,0:4:2
162,0430904886,0,0:4:8
163,0819521508,0,0:4:9
164,0819270836,0,0:4:11
165,0442327030,0,0:4:13
166,0442122086,0,0:4:14
167,0442597334,0,0:4:16
168,0441645718,0,0:4:17
169,0441548102,0,0:4:19
170,0441847862,0,0:4:21
171,0819116276,0,0:4:23
172,0818662052,0,0:4:24
173,0442647574,0,0:4:26
174,0441458470,0,0:4:29
175,0431861014,0,0:4:30
176,0441960854,0,0:4:32
177,0819912452,0,0:4:33
178,0430760342,0,0:4:35
179,0818774372,0,0:4:36
180,0442365110,0,0:4:37
181,0819577764,0,0:4:39
182,0441650038,0,0:4:40
183,0442624438,0,0:4:42
184,0442437142,0,0:4:43
185,0441923702,0,0:4:45
186,0442373974,0,0:4:46
187,0442045094,0,0:4:49
188,0441695814,0,0:4:50
189,0441733302,0,0:4:52
190,0442375446,0,0:4:53
191,0442787174,0,0:4:55
192,0442520486,0,0:4:56
193,0442345286,0,0:4:58
194,0442308614,0,0:5:0
195,0430720886,0,0:5:1
196,0441662966,0,0:5:3
197,0431657222,0,0:5:5
198,0442248454,0,0:5:24
199,0441712518,0,0:5:25
200,0441484422,0,0:5:33
201,0442583414,0,0:6:1
202,0442047382,0,0:6:3
203,0442663846,0,0:6:5
204,0441746294,0,0:6:6
205,0441712422,0,0:6:8
206,0442517638,0,0:6:10
207,0431227094,0,0:6:11
208,0441521558,0,0:6:13
209,0441544854,0,0:6:15
210,0440075238,0,0:6:16
211,0431803862,0,0:6:18
212,0431122998,0,0:6:20
213,0432004758,0,0:6:21
214,0819088244,0,0:6:23
215,0819362404,0,0:6:25
216,0819814964,0,0:6:26
217,0442660678,0,0:6:29
218,0431412326,0,0:6:31
219,0819502324,0,0:6:33
220,0431566886,0,0:6:34
221,0430931366,0,0:6:36
222,0818982084,0,0:6:38
223,0819519828,0,0:6:40
224,0819242020,0,0:6:41
225,0819700980,0,0:6:43
226,0819535188,0,0:6:50
227,0819653556,0,0:6:52
228,0819841300,0,0:6:56
229,0430993462,0,0:6:58
230,0818848996,0,0:7:0
231,0431736774,0,0:7:2
232,0442439910,0,0:7:3
233,0819249028,0,0:7:5
234,0818676868,0,0:7:7
235,0819599860,0,0:7:10
236,0438890742,0,0:7:11
237,0819252884,0,0:7:13
238,0442771382,0,0:7:15
239,0430807734,0,0:7:17
240,0430921686,0,0:7:18
241,0819429428,0,0:7:20
242,0819491012,0,0:7:22
243,0431013350,0,0:7:24
244,0819548564,0,0:7:25
245,0818788836,0,0:7:27
246,0819774100,0,0:7:29
247,0819176548,0,0:7:31
248,0819602036,0,0:7:33
249,0818676452,0,0:7:35
250,0441958774,0,0:7:36
251,0441608742,0,0:7:38
252,0442516310,0,0:7:40
253,0431448790,0,0:7:42
254,0431413974,0,0:7:43
255,0431644358,0,0:7:45
256,0431686102,0,0:7:47
257,0431992182,0,0:7:48
258,0431583094,0,0:7:50
259,0819540084,0,0:7:52
260,0819066532,0,0:7:54
261,0818719732,0,0:7:56
262,0442536054,0,0:7:58
263,0431324374,0,0:8:0
264,0819814676,0,0:8:2
265,0819362452,0,0:8:3
266,0442371958,0,0:8:6
267,0442151430,0,0:8:8
268,0431460198,0,0:8:10
269,0441949574,0,0:8:11
270,0441624054,0,0:8:13
271,0819784228,0,0:8:15
272,0442300806,0,0:8:19
273,0441734406,0,0:8:20
274,0431750870,0,0:8:22
275,0442543990,0,0:8:24
276,0442193638,0,0:8:25
277,0442472262,0,0:8:27
278,0442032118,0,0:8:29
279,0430751158,0,0:8:31
280,0430725526,0,0:8:33
281,0439301110,0,0:8:38
282,0819202868,0,0:8:40
283,0431779350,0,0:8:43
284,0818999060,0,0:8:45
285,0819926996,0,0:8:46
286,0819003764,0,0:8:48
287,0441876406,0,0:8:51
288,0819028420,0,0:8:53
289,0441708902,0,0:8:55
290,0819938948,0,0:8:57
291,0439393910,0,0:9:1
292,0431558534,0,0:9:5
293,0431180966,0,0:9:7
294,0439582198,0,0:9:8
295,0431757222,0,0:9:11
296,0431945766,0,0:9:13
297,0430750694,0,0:9:15
298,0442564566,0,0:9:17
299,0439847334,0,0:9:19
300,0441669638,0,0:9:22
301,0442307526,0,0:9:47
302,0431595718,0,0:9:48
303,0439552694,0,0:9:52
304,0431167158,0,0:9:54
305,0431934902,0,0:9:55
306,0819789140,0,0:9:57
307,0819290356,0,0:9:59
308,0819197604,0,0:10:1
309,0818873716,0,0:10:2
310,0819209700,0,0:10:4
311,0431733622,0,0:10:6
312,0819165300,0,0:10:7
313,0431439014,0,0:10:9
314,0819201908,0,0:10:11
315,0818838676,0,0:10:13
316,0818717332,0,0:10:14
317,0819379444,0,0:10:16
318,0819919780,0,0:10:17
319,0818690484,0,0:10:19
320,0431780054,0,0:10:21
321,0819432292,0,0:10:22
322,0430727350,0,0:10:24
323,0819466564,0,0:10:27
324,0431043446,0,0:10:28
325,0818993620,0,0:10:35
326,0819635652,0,0:10:37
327,0431492790,0,0:10:38
328,0818782260,0,0:10:40
329,0819741860,0,0:10:42
330,0818795172,0,0:10:44
331,0818967412,0,0:10:45
332,0431641430,0,0:10:47
333,0431917302,0,0:10:49
334,0431671654,0,0:10:50
335,0430871494,0,0:10:52
336,0431982182,0,0:10:54
337,0431348038,0,0:10:55
338,0431245686,0,0:10:57
339,0431296758,0,0:10:59
340,0430743638,0,0:11:0
341,0430787462,0,0:11:2
342,0430763782,0,0:11:3
343,0431460806,0,0:11:5
344,0438917158,0,0:11:7
345,0431142054,0,0:11:8
346,0431442934,0,0:11:10
347,0431913670,0,0:11:11
348,0431922630,0,0:11:13
349,0439547830,0,0:11:14
350,0431015990,0,0:11:16
351,0431809862,0,0:11:20
352,0431727606,0,0:11:22
353,0431588214,0,0:11:24
354,0442469574,0,0:11:26
355,0439569590,0,0:11:28
356,0440018710,0,0:11:29
357,0431008966,0,0:11:31
358,0440051334,0,0:11:33
359,0431047606,0,0:11:34
360,0431250070,0,0:11:36
361,0430937142,0,0:11:40
362,0819416500,0,0:11:41
363,0819040756,0,0:11:43
364,0818697236,0,0:11:45
365,0819281252,0,0:11:46
366,0819932868,0,0:11:48
367,0819650852,0,0:11:50
368,0430925446,0,0:11:51
369,0430902118,0,0:11:53
370,0430772998,0,0:11:55
371,0438949446,0,0:11:56
372,0438981142,0,0:11:58
373,0819483364,0,0:12:0
374,0431625334,0,0:12:2
375,0431770102,0,0:12:3
376,0819903556,0,0:12:5
377,0819041876,0,0:12:7
378,0430756934,0,0:12:9
379,0431160214,0,0:12:11
380,0431026198,0,0:12:13
381,0819541188,0,0:14:39
382,0431398326,0,0:14:41
383,0431767014,0,0:14:42
384,0818680596,0,0:14:44
385,0819842852,0,0:14:46
386,0819078292,0,0:14:47
387,0441808806,0,0:14:49
388,0818769316,0,0:14:50
389,0431916518,0,0:14:52
390,0431946246,0,0:14:54
391,0819901348,0,0:14:57
392,0819738068,0,0:14:58
393,0431831142,0,0:15:0
394,0430890070,0,0:15:2
395,0819694340,0,0:15:3
396,0818790020,0,0:15:5
397,0431230774,0,0:15:7
398,0431931798,0,0:15:8
399,0431142102,0,0:15:10
400,0819467300,0,0:15:11
401,0818969956,0,0:23:7
402,0431513942,0,0:23:10
403,0440071878,0,0:23:11
404,0442268742,0,0:23:13
405,0442709750,0,0:23:15
406,0442182806,0,0:23:16
407,0441804918,0,0:23:18
408,0442216998,0,0:23:20
409,0431547030,0,0:23:22
410,0442022230,0,0:23:24
411,0441672710,0,0:23:25
412,0442343942,0,0:23:27
413,0818714436,0,0:23:28
414,0441989894,0,0:23:31
415,0819955700,0,0:23:33
416,0819002532,0,0:23:34
417,0819524164,0,0:23:36
418,0819654660,0,0:23:37
419,0818776628,0,0:23:39
420,0818669844,0,0:23:41
421,0818843956,0,0:23:43
422,0819669300,0,0:23:44
423,0819291252,0,0:23:46
424,0818957780,0,0:23:48
425,0819424292,0,0:23:49
426,0819559780,0,0:23:51
427,0819731956,0,0:23:52
428,0818908900,0,0:23:54
429,0818829012,0,0:23:55
430,0819758820,0,0:23:57
431,0819774884,0,0:23:59
432,0442368566,0,0:24:0
433,0819006292,0,0:24:2
434,0819830868,0,0:24:5
435,0819151332,0,0:24:7
436,0819075780,0,0:24:9
437,0819020260,0,0:24:10
438,0431365702,0,0:24:12
439,0819351332,0,0:24:13
440,0819253348,0,0:24:15
441,0819110212,0,0:24:16
442,0819496660,0,0:24:19
443,0818909156,0,0:24:23
444,0819682436,0,0:24:24
445,0442293862,0,0:24:26
446,0819183604,0,0:24:28
447,0819193572,0,0:24:30
448,0818791396,0,0:24:32
449,0819608852,0,0:24:33
450,0819257860,0,0:24:37
451,0439219766,0,0:24:39
452,0819575332,0,0:24:43
453,0442296982,0,0:24:45
454,0819200804,0,0:24:47
455,0819925956,0,0:24:52
456,0818638948,0,0:24:54
457,0442725654,0,0:24:55
458,0431534598,0,0:24:57
459,0431272742,0,0:24:59
460,0442302214,0,0:25:0
461,0442461078,0,0:25:2
462,0442319158,0,0:25:3
463,0441523638,0,0:25:5
464,0442095190,0,0:25:6
465,0819553316,0,0:25:8
466,0819256420,0,0:25:9
467,0819616116,0,0:25:11
468,0441871862,0,0:25:12
469,0441541174,0,0:25:14
470,0441957046,0,0:25:15
471,0442554694,0,0:25:17
472,0441787142,0,0:25:18
473,0432014502,0,0:25:20
474,0442566470,0,0:25:22
475,0818756500,0,0:25:32
476,0819571956,0,0:25:33
477,0441807606,0,0:25:38
478,0442115190,0,0:25:40
479,0441802934,0,0:25:42
480,0431206422,0,0:25:44
481,0431514934,0,0:25:45
482,0431276742,0,0:25:47
483,0439892550,0,0:25:49
484,0441693238,0,0:25:52
485,0431977606,0,0:25:57
486,0431169750,0,0:25:58
487,0431973750,0,0:26:0
488,0431976438,0,0:26:1
489,0439498038,0,0:26:3
490,0431835878,0,0:26:4
491,0430879878,0,0:26:7
492,0430799942,0,0:26:8
493,0430933430,0,0:26:10
494,0431006438,0,0:26:11
495,0431476582,0,0:26:13
496,0819043652,0,0:26:15
497,0819394484,0,0:26:16
498,0431447574,0,0:26:18
499,0819778804,0,0:26:23
500,0431563398,0,0:26:25
501,0431892646,0,0:37:36
502,0439637734,0,0:37:38
503,0430794038,0,0:37:40
504,0431236870,0,0:37:41
505,0430996198,0,0:37:43
506,0441961382,0,0:37:45
507,0441505142,0,0:37:46
508,0442665398,0,0:37:48
509,0442198886,0,0:37:50
510,0442775478,0,0:37:51
511,0431933958,0,0:37:53
512,0431409830,0,0:37:56
513,0818896436,0,0:37:57
514,0819471812,0,0:37:59
515,0431847750,0,0:38:1
516,0431959878,0,0:38:3
517,0431676486,0,0:38:5
518,0430945046,0,0:38:7
519,0439340902,0,0:38:8
520,0431119590,0,0:38:10
521,0442386598,0,0:38:12
522,0442677126,0,0:38:13
523,0431069942,0,0:38:15
524,0819362820,0,0:38:18
525,0819669316,0,0:38:19
526,0819888932,0,0:38:21
527,0441904662,0,0:38:23
528,0430771366,0,0:38:24
529,0430811862,0,0:38:26
530,0439440694,0,0:38:28
531,0431955734,0,0:38:30
532,0441767766,0,0:38:31
533,0431946278,0,0:38:33
534,0819899828,0,0:38:35
535,0431450550,0,0:38:36
536,0441711798,0,0:38:38
537,0819807860,0,0:38:39
538,0819866276,0,0:38:41
539,0430730230,0,0:38:43
540,0439760646,0,0:38:44
541,0441753350,0,0:38:47
542,0442353350,0,0:38:50
543,0441798646,0,0:38:52
544,0431031590,0,0:38:55
545,0442804598,0,0:38:56
546,0441856822,0,0:38:58
547,0441965558,0,0:39:0
548,0441602966,0,0:39:1
549,0441532806,0,0:39:3
550,0442292934,0,0:39:5
551,0431823702,0,0:39:6
552,0431187462,0,0:39:9
553,0439715974,0,0:39:11
554,0441456422,0,0:39:12
555,0819468100,0,0:39:16
556,0431255030,0,0:39:18
557,0430887526,0,0:39:19
558,0431213734,0,0:39:21
559,0439518070,0,0:39:23
560,0430926454,0,0:39:24
561,0819592404,0,0:39:26
562,0431359894,0,0:39:28
563,0442672342,0,0:39:29
564,0441655190,0,0:39:31
565,0441835814,0,0:39:33
566,0430706022,0,0:39:35
567,0442549958,0,0:39:37
568,0441937958,0,0:39:39
569,0818756548,0,0:39:40
570,0441562998,0,0:39:42
571,0442124774,0,0:39:44
572,0818840740,0,0:39:45
573,0431866566,0,0:39:47
574,0431557174,0,0:39:49
575,0431059990,0,0:39:50
576,0441888006,0,0:39:52
577,0442294790,0,0:39:54
578,0442784838,0,0:39:57
579,0431937878,0,0:39:59
580,0431902390,0,0:40:1
581,0819350644,0,0:40:4
582,0431901462,0,0:40:6
583,0431265638,0,0:40:8
584,0819336516,0,0:40:9
585,0431080582,0,0:40:16
586,0441923958,0,0:40:17
587,0819754196,0,0:40:19
588,0431749942,0,0:40:21
589,0431877334,0,0:40:23
590,0441946422,0,0:40:25
591,0441655766,0,0:40:26
592,0431952118,0,0:40:29
593,0430884710,0,0:40:30
594,0819897108,0,0:40:32
595,0438856198,0,0:40:34
596,0431327190,0,0:40:36
597,0431290342,0,0:40:37
598,0431931590,0,0:40:39
599,0819634356,0,0:40:41
600,0818648532,0,0:40:43
601,0430857094,0,1:44:3
602,0430837446,0,1:44:9
603,0431359510,0,1:44:15
604,0431278518,0,1:44:17
605,0431734006,0,1:44:19
606,0438891894,0,1:44:21
607,0431646166,0,1:44:22
608,0439921734,0,1:44:24
609,0439530182,0,1:44:26
610,0438858854,0,1:44:27
611,0819701252,0,1:44:29
612,0430717574,0,1:44:32
613,0431124454,0,1:44:34
614,0431415750,0,1:44:36
615,0819632900,0,1:44:37
616,0431864198,0,1:44:39
617,0431374182,0,1:44:42
618,0430961254,0,1:44:46
619,0431187814,0,1:44:47
620,0431808166,0,1:44:50
621,0439059158,0,1:44:52
622,0430681094,0,1:44:54
623,0431725702,0,1:44:56
624,0819708676,0,1:44:58
625,0819406820,0,1:45:0
626,0441791030,0,1:45:1
627,0442559158,0,1:45:3
628,0818774884,0,1:45:5
629,0819005508,0,1:45:7
630,0439891846,0,1:45:9
631,0431047126,0,1:45:12
632,0431630966,0,1:45:14
633,0439535686,0,1:45:16
634,0430679382,0,1:45:18
635,0819530516,0,1:45:19
636,0430771046,0,1:45:21
637,0431886054,0,1:45:23
638,0431047494,0,1:45:25
639,0431794294,0,1:45:27
640,0431073414,0,1:45:30
641,0819734564,0,1:45:32
642,0819696212,0,1:45:37
643,0818970292,0,1:45:39
644,0431948822,0,1:45:41
645,0431027990,0,1:45:43
646,0431226262,0,1:45:45
647,0431543798,0,1:45:47
648,0431613926,0,1:45:49
649,0430794326,0,1:45:51
650,0431725510,0,1:45:53
651,0819161492,0,1:45:55
652,0819457764,0,1:45:58
653,0818730276,0,1:46:0
654,0431714966,0,1:46:2
655,0819068132,0,1:46:4
656,0431465366,0,1:46:6
657,0431302246,0,1:46:8
658,0431948406,0,1:46:11
659,0438951462,0,1:46:14
660,0431717574,0,1:46:16
661,0431835190,0,1:46:18
662,0431767894,0,1:46:21
663,0819411620,0,1:46:23
664,0819320404,0,1:46:25
665,0818688564,0,1:46:27
666,0430687430,0,1:46:29
667,0819738692,0,1:46:31
668,0818787460,0,1:46:33
669,0818918772,0,1:46:34
670,0819772708,0,1:46:37
671,0819050260,0,1:46:39
672,0819384500,0,1:46:41
673,0819520164,0,1:46:43
674,0431016598,0,1:46:45
675,0819176132,0,1:46:47
676,0431070214,0,1:46:49
677,0431656470,0,1:46:52
678,0439731846,0,1:46:55
679,0819560740,0,1:46:57
680,0819252980,0,1:47:0
681,0430778614,0,1:47:2
682,0819755236,0,1:47:4
683,0431252534,0,1:47:6
684,0442122134,0,1:47:8
685,0818676852,0,1:47:10
686,0442654550,0,1:47:12
687,0818666548,0,1:47:14
688,0442734950,0,1:47:16
689,0819894740,0,1:47:17
690,0442586822,0,1:47:19
691,0442707158,0,1:47:21
692,0441634086,0,1:47:23
693,0441468790,0,1:47:25
694,0819792420,0,1:47:27
695,0441675222,0,1:47:29
696,0431463174,0,1:47:31
697,0431887382,0,1:47:34
698,0441944182,0,1:47:36
699,0819465572,0,1:47:37
700,0442670246,0,1:47:39
701,0441492742,0,1:48:0
702,0442612550,0,1:48:3
703,0819780548,0,1:48:6
704,0442108822,0,1:48:8
705,0441960614,0,1:48:13
706,0441971926,0,1:48:15
707,0818854420,0,1:48:16
708,0441890262,0,1:48:18
709,0431361382,0,1:48:20
710,0442502214,0,1:48:22
711,0442233798,0,1:48:24
712,0441731558,0,1:48:26
713,0442218166,0,1:48:28
714,0819844340,0,1:48:30
715,0442275398,0,1:48:33
716,0442111942,0,1:48:35
717,0442719318,0,1:48:37
718,0442746134,0,1:48:39
719,0441581478,0,1:48:41
720,0819476644,0,1:48:43
721,0442775046,0,1:48:44
722,0442012470,0,1:48:47
723,0442272086,0,1:48:49
724,0441698582,0,1:48:51
725,0442746486,0,1:48:53
726,0441954502,0,1:48:55
727,0441723702,0,1:48:57
728,0442570870,0,1:48:58
729,0442460902,0,1:49:0
730,0819429236,0,1:49:2
731,0818839172,0,1:49:4
732,0819436740,0,1:49:6
733,0431553558,0,1:49:7
734,0438970902,0,1:49:9
735,0431973510,0,1:49:11
736,0441868614,0,1:49:13
737,0430873110,0,1:49:15
738,0431438822,0,1:49:17
739,0430717494,0,1:49:18
740,0431536550,0,1:49:20
741,0819727876,0,1:49:22
742,0819643572,0,1:49:24
743,0442354038,0,1:49:26
744,0442525958,0,1:49:34
745,0442770326,0,1:49:36
746,0442716726,0,1:49:38
747,0819550180,0,1:49:40
748,0430792790,0,1:49:42
749,0441694982,0,1:49:44
750,0442446550,0,1:49:46
751,0439849654,0,1:49:47
752,0442403286,0,1:49:50
753,0442071862,0,1:49:52
754,0431324022,0,1:49:54
755,0819915508,0,1:49:55
756,0818887892,0,1:49:59
757,0819014612,0,1:50:1
758,0818922388,0,1:50:3
759,0818624900,0,1:50:5
760,0818837108,0,1:50:7
761,0818853012,0,1:50:9
762,0431923510,0,1:50:11
763,0818766740,0,1:50:13
764,0819795412,0,1:50:15
765,0431472150,0,1:50:17
766,0430773670,0,1:50:18
767,0819388356,0,1:50:21
768,0819603460,0,1:50:22
769,0430765158,0,1:50:24
770,0431285926,0,1:50:26
771,0430681654,0,1:50:28
772,0819744164,0,1:50:30
773,0818841300,0,1:50:32
774,0442051734,0,1:50:34
775,0439795254,0,1:50:35
776,0431971478,0,1:50:37
777,0430731350,0,1:50:39
778,0441929830,0,1:50:41
779,0442133750,0,1:50:43
780,0430822710,0,1:50:45
781,0430826198,0,1:50:47
782,0441975750,0,1:50:49
783,0441852598,0,1:50:51
784,0430702678,0,1:50:53
785,0430808742,0,1:50:54
786,0431334774,0,1:50:57
787,0431533686,0,1:50:59
788,0430949110,0,1:51:1
789,0819355812,0,1:51:3
790,0430757910,0,1:51:5
791,0430866982,0,1:51:6
792,0819008532,0,1:51:8
793,0819436468,0,1:51:10
794,0430874086,0,1:51:15
795,0819833924,0,1:51:17
796,0431400838,0,1:51:19
797,0819249428,0,1:51:21
798,0818817332,0,1:51:23
799,0819655892,0,1:51:25
800,0818917092,0,1:51:27
801,0819865412,0,1:51:30
802,0818989476,0,1:51:32
803,0819127684,0,1:51:34
804,0818763572,0,1:51:36
805,0819421348,0,1:51:39
806,0819845444,0,1:51:41
807,0819786580,0,1:51:43
808,0430801046,0,1:51:45
809,0819771828,0,1:51:47
810,0819484212,0,1:51:50
811,0819814996,0,1:51:52
812,0819226324,0,1:51:55
813,0430691190,0,1:51:57
814,0430784598,0,1:51:59
815,0439496774,0,1:52:1
816,0431894486,0,1:52:3
817,0431959990,0,1:52:6
818,0818963316,0,1:52:8
819,0819641412,0,1:52:10
820,0442674534,0,1:52:12
821,0442499206,0,1:52:14
822,0441914214,0,1:52:16
823,0441970422,0,1:52:18
824,0430877750,0,1:52:20
825,0441963766,0,1:52:22
826,0819229108,0,1:52:24
827,0819062516,0,1:52:26
828,0431414726,0,1:52:28
829,0442676902,0,1:52:30
830,0431697286,0,1:52:32
831,0431690166,0,1:52:34
832,0442438214,0,1:52:36
833,0439654406,0,1:52:40
834,0430946230,0,1:52:42
835,0431405094,0,1:52:44
836,0431234118,0,1:52:46
837,0430666694,0,1:52:48
838,0431933830,0,1:52:52
839,0441812422,0,1:52:54
840,0819141124,0,1:52:56
841,0819430516,0,1:52:58
842,0432013878,0,1:53:0
843,0819502564,0,1:53:3
844,0819941428,0,1:53:5
845,0818943988,0,1:53:8
846,0441700934,0,1:53:11
847,0819409524,0,1:53:13
848,0819685588,0,1:53:17
849,0819856612,0,1:53:20
850,0431037766,0,1:53:22
851,0819182628,0,1:53:25
852,0818791380,0,1:53:27
853,0818841076,0,1:53:29
854,0819782132,0,1:53:31
855,0818975396,0,1:53:33
856,0819558084,0,1:53:35
857,0818714484,0,1:53:37
858,0818729156,0,1:53:39
859,0819719332,0,1:53:41
860,0431241414,0,1:53:43
861,0430922022,0,1:53:45
862,0819111732,0,1:53:48
863,0818890868,0,1:53:50
864,0818692356,0,1:53:52
865,0431138806,0,1:53:57
866,0431103622,0,1:53:59
867,0430990006,0,1:54:1
868,0431355238,0,1:54:3
869,0819322756,0,1:54:5
870,0819871476,0,1:54:7
871,0431753046,0,1:54:9
872,0819585620,0,1:54:11
873,0819418516,0,1:54:13
874,0431747030,0,1:54:15
875,0819505076,0,1:54:18
876,0430884886,0,1:54:20
877,0819832964,0,1:54:23
878,0431287590,0,1:54:25
879,0818868836,0,1:54:27
880,0819801620,0,1:54:29
881,0430766038,0,1:54:31
882,0431101910,0,1:54:33
883,0431111398,0,1:54:35
884,0819189092,0,1:54:37
885,0819113524,0,1:54:39
886,0818630980,0,1:54:41
887,0431012886,0,1:54:43
888,0430851702,0,1:54:47
889,0431532038,0,1:54:49
890,0431931814,0,1:54:56
891,0431561702,0,1:54:58
892,0431181014,0,1:55:0
893,0431375766,0,1:55:2
894,0819928852,0,1:55:4
895,0818833620,0,1:55:6
896,0819150452,0,1:55:8
897,0818882116,0,1:55:11
898,0818849172,0,1:55:14
899,0819773412,0,1:55:17
900,0818627540,0,1:55:19
901,0431396822,0,1:56:42
902,0431991958,0,1:56:44
903,0819714276,0,1:56:48
904,0818719524,0,1:56:51
905,0818966772,0,1:56:53
906,0819323892,0,1:56:55
907,0442047798,0,1:56:57
908,0442484438,0,1:56:59
909,0819106132,0,1:57:1
910,0430935350,0,1:57:3
911,0818663492,0,1:57:6
912,0819000852,0,1:57:8
913,0818842932,0,1:57:10
914,0818884228,0,1:57:12
915,0818996004,0,1:57:14
916,0431845750,0,1:57:17
917,0431946694,0,1:57:19
918,0430691478,0,1:57:21
919,0431476118,0,1:57:24
920,0430826022,0,1:57:26
921,0431587654,0,1:57:28
922,0431000614,0,1:57:31
923,0439138742,0,1:57:33
924,0431819958,0,1:57:35
925,0431354454,0,1:57:37
926,0811963268,0,1:57:39
927,0431819430,0,1:57:41
928,0431050982,0,1:57:43
929,0431983734,0,1:57:45
930,0431426358,0,1:57:51
931,0431028726,0,1:57:53
932,0431563158,0,1:57:55
933,0439268550,0,1:57:57
934,0431887190,0,1:57:59
935,0430816886,0,1:58:2
936,0431285686,0,1:58:13
937,0439369270,0,1:58:15
938,0431648694,0,1:58:18
939,0818735124,0,1:58:20
940,0430823590,0,1:58:22
941,0819731652,0,1:58:24
942,0439967446,0,1:58:27
943,0430734806,0,1:58:29
944,0431022534,0,1:58:31
945,0442141254,0,1:58:34
946,0431416758,0,1:58:36
947,0431158950,0,1:58:38
948,0441718182,0,1:58:41
949,0442766998,0,1:58:43
950,0819025716,0,1:58:45
951,0819861236,0,1:58:48
952,0431937798,0,1:58:50
953,0431423590,0,1:58:53
954,0818825556,0,1:58:55
955,0438928262,0,1:58:57
956,0819825604,0,1:58:59
957,0431373670,0,1:59:1
958,0438764854,0,1:59:4
959,0818819476,0,1:59:6
960,0430679174,0,1:59:8
961,0819535748,0,1:59:11
962,0431366326,0,1:59:14
963,0819368084,0,1:59:16
964,0818712788,0,1:59:18
965,0819887732,0,1:59:20
966,0819628388,0,1:59:23
967,0819187604,0,1:59:25
968,0819539956,0,1:59:27
969,0819736052,0,1:59:30
970,0431433958,0,1:59:32
971,0439528294,0,1:59:35
972,0818671348,0,1:59:37
973,0819127972,0,1:59:39
974,0431109846,0,1:59:41
975,0818762836,0,1:59:43
976,0818828292,0,1:59:45
977,0430856534,0,1:59:47
978,0819521364,0,1:59:50
979,0430683478,0,1:59:52
980,0431352486,0,1:59:54
981,0431910358,0,1:59:56
982,0442337542,0,1:59:59
983,0819007828,0,2:0:1
984,0431355814,0,2:0:3
985,0441626294,0,2:0:5
986,0431245734,0,2:0:7
987,0819383908,0,2:0:10
988,0431450038,0,2:0:12
989,0431030822,0,2:0:14
990,0819069252,0,2:0:17
991,0431768102,0,2:0:19
992,0819699572,0,2:0:22
993,0442586054,0,2:0:32
994,0441800630,0,2:0:34
995,0441552054,0,2:0:37
996,0442431126,0,2:0:39
997,0441846006,0,2:0:41
998,0441869206,0,2:0:44
999,0431799366,0,2:0:46
1000,0431950374,0,2:0:48
1001,0430945430,0,2:1:12
1002,0439674614,0,2:1:15
1003,0431029334,0,2:1:17
1004,0430917670,0,2:1:19
1005,0431551174,0,2:1:21
1006,0431230326,0,2:1:23
1007,0439861110,0,2:1:26
1008,0431373798,0,2:1:28
1009,0430978198,0,2:1:34
1010,0439499718,0,2:1:36
1011,0431468486,0,2:1:38
1012,0819500324,0,2:1:40
1013,0819388228,0,2:1:42
1014,0431833174,0,2:1:45
1015,0819154548,0,2:1:48
1016,0819116932,0,2:1:50
1017,0818908020,0,2:1:52
1018,0819806692,0,2:1:55
1019,0430983302,0,2:1:57
1020,0438954790,0,2:2:0
1021,0430722422,0,2:2:2
1022,0431560678,0,2:2:4
1023,0819705060,0,2:2:7
1024,0819003556,0,2:2:9
1025,0819722084,0,2:2:11
1026,0819155316,0,2:2:14
1027,0430851878,0,2:2:16
1028,0431972662,0,2:2:18
1029,0431707462,0,2:2:20
1030,0819340772,0,2:2:23
1031,0818742372,0,2:2:26
1032,0818714692,0,2:2:28
1033,0430699846,0,2:2:31
1034,0819669636,0,2:2:34
1035,0818678036,0,2:2:36
1036,0819283428,0,2:2:39
1037,0819510724,0,2:2:41
1038,0819360964,0,2:2:44
1039,0819028116,0,2:2:47
1040,0439460454,0,2:2:49
1041,0441518534,0,2:2:53
1042,0819311172,0,2:2:55
1043,0431249366,0,2:2:58
1044,0818967924,0,2:3:1
1045,0819496404,0,2:3:3
1046,0818950020,0,2:3:6
1047,0819682452,0,2:3:8
1048,0441934358,0,2:3:11
1049,0431176086,0,2:3:13
1050,0442697206,0,2:3:16
1051,0442645558,0,2:3:19
1052,0819133684,0,2:3:21
1053,0819884116,0,2:3:23
1054,0431695558,0,2:3:25
1055,0818905300,0,2:3:28
1056,0819290276,0,2:3:30
1057,0431779206,0,2:3:32
1058,0430698086,0,2:3:36
1059,0431914230,0,2:3:38
1060,0439123526,0,2:3:40
